[
  {"model": "empm.company", "pk": 1, "fields": {"name": "Test Company123", "phone": 420123456789, "address": "17. listopadu 639/244"}},
  {"model": "empm.company", "pk": 2, "fields": {"name": "Example Company", "phone": 420456789123, "address": "Pracovni 123/45, Koprivnice, 735 05"}},
  {"model": "empm.company", "pk": 3, "fields": {"name": "Realna Spolecnost s.r.o.", "phone": 420555444333, "address": "Realna adresa 48/2, Hnojnik, 739 53"}},
  {"model": "empm.company", "pk": 4, "fields": {"name": "ForExamplee Company", "phone": 420987654321, "address": "Tovarni 254/65, Ostrava, 780 01"}},
  {"model": "empm.company", "pk": 78, "fields": {"name": "Company For Test", "phone": 420123456789, "address": "Example Address 123, Test"}},
  {"model": "empm.company", "pk": 86, "fields": {"name": "Company For Test", "phone": 420123456789, "address": "Example Address 123, Test"}},
  {"model": "empm.company", "pk": 87, "fields": {"name": "Company For Test", "phone": 420123456789, "address": "Example Address 123, Test"}},
  {"model": "empm.company", "pk": 115, "fields": {"name": "Company For Test", "phone": 420123456789, "address": "Example Address 123, Test"}},
  {"model": "empm.company", "pk": 116, "fields": {"name": "Company For Test", "phone": 420123456789, "address": "Example Address 123, Test"}},
  {"model": "empm.company", "pk": 117, "fields": {"name": "Company For Test", "phone": 420123456789, "address": "Example Address 123, Test"}},
  {"model": "empm.company", "pk": 118, "fields": {"name": "Company For Test", "phone": 420123456789, "address": "Example Address 123, Test"}},
  {"model": "empm.company", "pk": 119, "fields": {"name": "Company For Test", "phone": 420123456789, "address": "Example Address 123, Test"}},
  {"model": "empm.company", "pk": 120, "fields": {"name": "Company For Test", "phone": 420123456789, "address": "Example Address 123, Test"}},
  {"model": "empm.company", "pk": 121, "fields": {"name": "Company For Test", "phone": 420123456789, "address": "Example Address 123, Test"}},
  {"model": "empm.company", "pk": 122, "fields": {"name": "Company For Test", "phone": 420123456789, "address": "Example Address 123, Test"}},
  {"model": "empm.company", "pk": 123, "fields": {"name": "Company For Test", "phone": 420123456789, "address": "Example Address 123, Test"}},
  {"model": "empm.company", "pk": 124, "fields": {"name": "Company For Test", "phone": 420123456789, "address": "Example Address 123, Test"}},
  {"model": "empm.company", "pk": 125, "fields": {"name": "Company For Test", "phone": 420123456789, "address": "Example Address 123, Test"}},
  {"model": "empm.company", "pk": 126, "fields": {"name": "Company For Test", "phone": 420123456789, "address": "Example Address 123, Test"}},
  {"model": "empm.employee", "pk": 2, "fields": {"first_name": "Jan", "last_name": "Novak", "email": "novak.j@gmail.comm", "phone": 420123456789, "health_limitations": "Bolava zada", "active": true, "working_category": "B", "med_exam_date": "2021-12-02", "job_assign_date": "2021-09-16", "company": 1}},
  {"model": "empm.employee", "pk": 19, "fields": {"first_name": "Martin", "last_name": "Novak", "email": "novak.martin@gmail.com", "phone": 420123456789, "health_limitations": "", "active": true, "working_category": "C", "med_exam_date": "2021-09-28", "job_assign_date": "2021-09-28", "company": 1}},
  {"model": "empm.employee", "pk": 34, "fields": {"first_name": "Dan", "last_name": "Godula", "email": "dan.godula@seznam.cz", "phone": 420730989732, "health_limitations": "yyy", "active": true, "working_category": "C", "med_exam_date": "2021-10-03", "job_assign_date": "2021-10-04", "company": 1}},
  {"model": "empm.employee", "pk": 36, "fields": {"first_name": "something", "last_name": "else", "email": "", "phone": 758002458, "health_limitations": "Lorem ipsum dolor sit amet, consectetuer adipiscing elit. In laoreet, magna id viverra tincidunt, se", "active": false, "working_category": "B", "med_exam_date": "2021-10-14", "job_assign_date": "2021-10-14", "company": 1}},
  {"model": "empm.employee", "pk": 37, "fields": {"first_name": "Adam", "last_name": "Volný", "email": "volnyadam@email.cz", "phone": 420739544223, "health_limitations": "zada", "active": false, "working_category": "C", "med_exam_date": "2021-10-14", "job_assign_date": "2021-10-27", "company": 2}},
  {"model": "empm.employee", "pk": 42, "fields": {"first_name": "something", "last_name": "else", "email": "", "phone": 420758002458, "health_limitations": "Lorem ipsum dolor sit amet, consectetuer adipiscing elit. In laoreet, magna id viverra tincidunt, se", "active": true, "working_category": "B", "med_exam_date": "2021-10-14", "job_assign_date": "2021-10-14", "company": 3}},
  {"model": "empm.employee", "pk": 43, "fields": {"first_name": "Jakub", "last_name": "Smrk", "email": "j.smrk@gmail.com", "phone": 420758002454, "health_limitations": "", "active": true, "working_category": "A", "med_exam_date": "2021-11-30", "job_assign_date": "2021-12-23", "company": 2}},
  {"model": "empm.employee", "pk": 44, "fields": {"first_name": "something", "last_name": "else", "email": "", "phone": 420758002458, "health_limitations": "Lorem ipsum dolor sit amet, consectetuer adipiscing elit. In laoreet, magna id viverra tincidunt, se", "active": true, "working_category": "B", "med_exam_date": "2021-10-14", "job_assign_date": "2021-10-14", "company": 3}},
  {"model": "empm.employee", "pk": 46, "fields": {"first_name": "blaspda", "last_name": "tzrtzr", "email": "dangf@seznam.cz", "phone": 420735989732, "health_limitations": "skajdalksj", "active": false, "working_category": "A", "med_exam_date": "2022-01-11", "job_assign_date": "2022-01-27", "company": 3}},
  {"model": "empm.employee", "pk": 47, "fields": {"first_name": "something", "last_name": "else", "email": "", "phone": 758002458, "health_limitations": "Lorem ipsum dolor sit amet, consectetuer adipiscing elit. In laoreet, magna id viverra tincidunt, se", "active": true, "working_category": "B", "med_exam_date": "2021-10-14", "job_assign_date": "2021-10-14", "company": null}},
  {"model": "empm.employee", "pk": 48, "fields": {"first_name": "something", "last_name": "else", "email": "", "phone": 758002458, "health_limitations": "Lorem ipsum dolor sit amet, consectetuer adipiscing elit. In laoreet, magna id viverra tincidunt, se", "active": true, "working_category": "B", "med_exam_date": "2021-10-14", "job_assign_date": "2021-10-14", "company": null}},
  {"model": "empm.employee", "pk": 49, "fields": {"first_name": "something", "last_name": "else", "email": "", "phone": 758002458, "health_limitations": "Lorem ipsum dolor sit amet, consectetuer adipiscing elit. In laoreet, magna id viverra tincidunt, se", "active": true, "working_category": "B", "med_exam_date": "2021-10-14", "job_assign_date": "2021-10-14", "company": null}},
  {"model": "empm.employee", "pk": 50, "fields": {"first_name": "something", "last_name": "else", "email": "", "phone": 420758002458, "health_limitations": "Lorem ipsum dolor sit amet, consectetuer adipiscing elit. In laoreet, magna id viverra tincidunt, se", "active": false, "working_category": "B", "med_exam_date": "2021-10-19", "job_assign_date": "2021-10-19", "company": 3}},
  {"model": "empm.employee", "pk": 52, "fields": {"first_name": "Dan", "last_name": "Godula", "email": "dan.godula@seznam.cz", "phone": 420730989732, "health_limitations": "jj", "active": true, "working_category": "B", "med_exam_date": "2021-10-11", "job_assign_date": "2021-10-22", "company": null}},
  {"model": "empm.employee", "pk": 54, "fields": {"first_name": "something", "last_name": "else", "email": "", "phone": 758002458, "health_limitations": "Lorem ipsum dolor sit amet, consectetuer adipiscing elit. In laoreet, magna id viverra tincidunt, se", "active": true, "working_category": "B", "med_exam_date": "2021-10-26", "job_assign_date": "2021-10-26", "company": null}},
  {"model": "empm.employee", "pk": 55, "fields": {"first_name": "Dan", "last_name": "Godula", "email": "dan.godula@seznam.cz", "phone": 730989723, "health_limitations": "¨¨¨", "active": true, "working_category": "C", "med_exam_date": "2021-10-05", "job_assign_date": "2021-10-15", "company": null}},
  {"model": "empm.employee", "pk": 57, "fields": {"first_name": "Marek", "last_name": "Hodny", "email": "maro@seznam.cy", "phone": 420987654321, "health_limitations": "qeqeq", "active": true, "working_category": "C", "med_exam_date": "2021-12-13", "job_assign_date": "2021-12-16", "company": 1}},
  {"model": "empm.monthlyoutput", "pk": 1, "fields": {"working_hours": "160.0", "sick_hours": "12.0", "vacation_hours": "6.0", "start_date": "2021-12-01", "end_date": "2021-12-31", "employee": 19}},
  {"model": "empm.monthlyoutput", "pk": 2, "fields": {"working_hours": "163.0", "sick_hours": "2.0", "vacation_hours": "0.0", "start_date": "2021-09-01", "end_date": "2021-09-30", "employee": 2}},
  {"model": "empm.monthlyoutput", "pk": 3, "fields": {"working_hours": "143.0", "sick_hours": "11.0", "vacation_hours": "8.0", "start_date": "2021-11-01", "end_date": "2021-12-30", "employee": 19}},
  {"model": "empm.monthlyoutput", "pk": 4, "fields": {"working_hours": "142.0", "sick_hours": "8.0", "vacation_hours": "10.0", "start_date": "2021-10-01", "end_date": "2021-10-31", "employee": 2}},
  {"model": "empm.monthlyoutput", "pk": 5, "fields": {"working_hours": "162.0", "sick_hours": "0.0", "vacation_hours": "6.0", "start_date": "2021-12-01", "end_date": "2021-12-31", "employee": 34}},
  {"model": "empm.monthlyoutput", "pk": 14, "fields": {"working_hours": "120.0", "sick_hours": "40.0", "vacation_hours": "25.0", "start_date": "2021-10-01", "end_date": "2021-10-31", "employee": 34}},
  {"model": "empm.monthlyoutput", "pk": 15, "fields": {"working_hours": "142.0", "sick_hours": "8.0", "vacation_hours": "10.0", "start_date": "2021-12-01", "end_date": "2021-12-31", "employee": 42}},
  {"model": "empm.monthlyoutput", "pk": 16, "fields": {"working_hours": "152.0", "sick_hours": "6.0", "vacation_hours": "8.0", "start_date": "2021-12-01", "end_date": "2021-12-31", "employee": 44}},
  {"model": "empm.monthlyoutput", "pk": 17, "fields": {"working_hours": "149.0", "sick_hours": "16.0", "vacation_hours": "12.0", "start_date": "2021-12-01", "end_date": "2021-12-31", "employee": 43}},
  {"model": "empm.monthlyoutput", "pk": 18, "fields": {"working_hours": "136.0", "sick_hours": "16.0", "vacation_hours": "18.0", "start_date": "2021-12-01", "end_date": "2021-12-31", "employee": 37}},
  {"model": "empm.overallmonthlyoutput", "pk": 1, "fields": {"housing_capacity": 13, "working_hours": "1253.0", "sick_hours": "146.0", "vacation_hours": "351.0", "start_date": "2021-12-01", "end_date": "2021-12-31"}},
  {"model": "empm.overallmonthlyoutput", "pk": 2, "fields": {"housing_capacity": 11, "working_hours": "1789.0", "sick_hours": "103.0", "vacation_hours": "46.0", "start_date": "2021-11-01", "end_date": "2021-11-30"}},
  {"model": "empm.overallmonthlyoutput", "pk": 4, "fields": {"housing_capacity": 12, "working_hours": "1653.0", "sick_hours": "48.0", "vacation_hours": "174.0", "start_date": "2021-10-01", "end_date": "2021-10-31"}},
  {"model": "empm.overallmonthlyoutput", "pk": 3, "fields": {"housing_capacity": 11, "working_hours": "1486.0", "sick_hours": "72.0", "vacation_hours": "209.0", "start_date": "2021-09-01", "end_date": "2021-09-30"}},
  {"model": "empm.shift", "pk": 2, "fields": {"date": "2022-01-02", "time": "vecer", "companyID": 3, "employeeIDs": [19, 46]}}
]
